AS_max_relerr,I_max_relerr,C_max_relerr,iter,total
4.183508287823957e-16,1.3895278235977604e-15,9.76310135320543e-16,0,13529.999999999985
